{
  "timestamp": "2025-08-24T00:43:25.356894",
  "total_timesteps": 10000,
  "total_episodes": 10,
  "use_enhanced_obs": true,
  "device": "cpu",
  "final_epsilon": 0.01,
  "episode_rewards": [
    438.4577943017605,
    495.84795999230465,
    430.0012089072974,
    444.41067180713253,
    456.1032853306889,
    1.880260478190624,
    460.29193291443545,
    457.2335361802246,
    469.74619104643585,
    461.432582004369
  ],
  "episode_lengths": [
    1000,
    1000,
    1000,
    1000,
    1000,
    2,
    1000,
    1000,
    1000,
    1000
  ],
  "avg_reward": 411.5405422962839,
  "best_reward": 495.84795999230465,
  "final_eval_reward": 460.66076349949924
}