,champion_model_v5,runner_up_v3,solid_performer_v2,baseline_v4,experimental_v2,legacy_model
huge_loop,0.9290539554074213,0.9596479153269145,0.7645294925378183,0.9152012466790209,0.831228720694998,0.8456019415492729
loop_empty,0.8449118829520116,0.9472769228553916,0.8995509600305899,0.7563021798174681,0.8298175778804653,0.7550870318208243
multi_track,0.8815880133793762,0.9526456112526029,0.8688319638568214,0.8639562257629947,0.7960596323572091,0.7545321395431737
techtrack,0.8232012335180818,0.9452899725092658,0.841925539393119,0.8799097484328874,0.7432734552774822,0.7460333817374643
zigzag,0.843497369740705,0.9212493781007934,0.8450054682281146,0.9023202976735557,0.7767413677158,0.7875562779489225
