,champion_model_v5,runner_up_v3,solid_performer_v2,baseline_v4,experimental_v2,legacy_model
huge_loop,0.07612747564633168,0.06901672167077107,0.04769634594355643,0.07203035894828147,0.06048821199617817,0.08429009051028034
loop_empty,0.04751667650822994,0.061009263190399156,0.057180645820211096,0.06422558261452001,0.08958011340670399,0.0999573519373209
multi_track,0.05871635525140389,0.05774383843065267,0.12030519102180742,0.08223943141783685,0.10136823193776495,0.10228060011612275
techtrack,0.021198212679166654,0.08170934986142636,0.09880326156772978,0.0732499690585111,0.07942430919542648,0.06224912680308314
zigzag,0.03992508500425675,0.07283791726637129,0.08887060697406905,0.04724319691018395,0.10724253008424584,0.12255584932476232
