,champion_model_v5,runner_up_v3,solid_performer_v2,baseline_v4,experimental_v2,legacy_model
base,0.9318631021144003,0.8843258413900795,0.8490222626417375,0.859951654945408,0.7918421827194922,0.7788349594793703
hard,0.7920836367972403,0.7516769651815676,0.7216689232454768,0.7309589067035969,0.6730658553115684,0.6620097155574648
ood,0.6988973265858002,0.6632443810425597,0.6367666969813032,0.6449637412090561,0.5938816370396192,0.5841262196095277
stress,0.5591178612686402,0.5305955048340477,0.5094133575850425,0.5159709929672448,0.47510530963169534,0.4673009756876222
