,champion_model_v5,runner_up_v3,solid_performer_v2,baseline_v4,experimental_v2,legacy_model
base,0.7526145404501576,0.7270064515084651,0.694065801762896,0.6531814583777327,0.6260357438364408,0.5860748154849751
hard,0.6773530864051419,0.6543058063576186,0.6246592215866065,0.5878633125399594,0.5634321694527967,0.5274673339364776
ood,0.6020916323601262,0.5816051612067721,0.5552526414103168,0.5225451667021862,0.5008285950691527,0.4688598523879801
stress,0.5268301783151103,0.5089045160559256,0.4858460612340272,0.45722702086441286,0.4382250206855085,0.4102523708394825
