{
  "episode_id": "demo_model_v1_loop_empty_46",
  "model_id": "demo_model_v1",
  "map_name": "loop_empty",
  "suite": "base",
  "seed": 46,
  "success": true,
  "failure_events": [],
  "action_histogram": {
    "steering": {
      "histogram": [
        0,
        0,
        0,
        0,
        0,
        0,
        0,
        0,
        96,
        46,
        53,
        105,
        0,
        0,
        0,
        0,
        0,
        0,
        0,
        0
      ],
      "bins": [
        -1.0,
        -0.9,
        -0.8,
        -0.7,
        -0.6,
        -0.5,
        -0.3999999999999999,
        -0.29999999999999993,
        -0.19999999999999996,
        -0.09999999999999998,
        0.0,
        0.10000000000000009,
        0.20000000000000018,
        0.30000000000000004,
        0.40000000000000013,
        0.5,
        0.6000000000000001,
        0.7000000000000002,
        0.8,
        0.9000000000000001,
        1.0
      ],
      "statistics": {
        "mean": 0.0059629681557705275,
        "std": 0.14142357375625672,
        "min": -0.1999980413101407,
        "max": 0.19999874857140415,
        "median": 0.014147351810983625
      }
    },
    "throttle": {
      "histogram": [
        0,
        0,
        0,
        0,
        0,
        0,
        0,
        0,
        0,
        0,
        0,
        0,
        0,
        0,
        0,
        0,
        0,
        0,
        300,
        0
      ],
      "bins": [
        -1.0,
        -0.9,
        -0.8,
        -0.7,
        -0.6,
        -0.5,
        -0.3999999999999999,
        -0.29999999999999993,
        -0.19999999999999996,
        -0.09999999999999998,
        0.0,
        0.10000000000000009,
        0.20000000000000018,
        0.30000000000000004,
        0.40000000000000013,
        0.5,
        0.6000000000000001,
        0.7000000000000002,
        0.8,
        0.9000000000000001,
        1.0
      ],
      "statistics": {
        "mean": 0.7999999999999999,
        "std": 1.1102230246251565e-16,
        "min": 0.8,
        "max": 0.8,
        "median": 0.8
      }
    },
    "total_actions": 300
  },
  "lane_deviation_timeline": [
    0.0,
    0.009983341664682815,
    0.019866933079506124,
    0.029552020666133962,
    0.03894183423086506,
    0.0479425538604203,
    0.05646424733950355,
    0.06442176872376912,
    0.07173560908995229,
    0.07833269096274835,
    0.08414709848078966,
    0.08912073600614355,
    0.09320390859672265,
    0.0963558185417193,
    0.09854497299884603,
    0.09974949866040544,
    0.09995736030415052,
    0.09916648104524686,
    0.09738476308781951,
    0.09463000876874145,
    0.09092974268256818,
    0.08632093666488738,
    0.08084964038195902,
    0.074570521217672,
    0.06754631805511506,
    0.059847214410395644,
    0.05155013718214642,
    0.04273798802338298,
    0.03349881501559047,
    0.0239249329213982,
    0.014112000805986721,
    0.004158066243329049,
    0.005837414342758009,
    0.015774569414324865,
    0.025554110202683167,
    0.035078322768961986,
    0.04425204432948525,
    0.05298361409084934,
    0.06118578909427193,
    0.06877661591839741,
    0.07568024953079283,
    0.08182771110644109,
    0.08715757724135882,
    0.0916165936749455,
    0.09516020738895162,
    0.0977530117665097,
    0.09936910036334645,
    0.0999923257564101,
    0.09961646088358406,
    0.09824526126243326,
    0.09589242746631385,
    0.09258146823277322,
    0.08834546557201532,
    0.08322674422239008,
    0.07727644875559872,
    0.0705540325570392,
    0.0631266637872321,
    0.05506855425976376,
    0.04646021794137566,
    0.0373876664830236,
    0.027941549819892587,
    0.018216250427209504,
    0.00830894028174964,
    0.0016813900484350603,
    0.011654920485049364,
    0.021511998808781553,
    0.03115413635133787,
    0.040484992061659834,
    0.049411335113860894,
    0.05784397643882003,
    0.06569865987187891,
    0.07289690401258765,
    0.07936678638491532,
    0.0850436620628565,
    0.0898708095811627,
    0.09379999767747389,
    0.09679196720314866,
    0.09881682338770004,
    0.09985433453746051,
    0.0998941341839772,
    0.09893582466233819,
    0.09698898108450864,
    0.09407305566797726,
    0.09021718337562934,
    0.08545989080882804,
    0.07984871126234903,
    0.07343970978741135,
    0.0662969230082182,
    0.058491719289176174,
    0.05010208564578847,
    0.041211848524175664,
    0.031909836234935214,
    0.02228899141002459,
    0.012445442350706172,
    0.0024775425453357766,
    0.007515112046180931,
    0.01743267812229814,
    0.027176062641094418,
    0.036647912925192844,
    0.04575358937753214,
    0.05440211108893698,
    0.06250706488928835,
    0.06998746875935437,
    0.07676858097635825,
    0.08278264690856538,
    0.08796957599716702,
    0.09227754216128074,
    0.09566350162701885,
    0.09809362300664916,
    0.09954362533063775,
    0.09999902065507035,
    0.0994552588203989,
    0.0979177729151317,
    0.0954019249902089,
    0.09193285256646758,
    0.08754521746884286,
    0.0822828594968708,
    0.07619835839190321,
    0.06935250847771224,
    0.06181371122370333,
    0.0536572918000435,
    0.04496474645345999,
    0.03582292822368271,
    0.026323179136580097,
    0.01656041754483094,
    0.006632189735120069,
    0.0033623047221138474,
    0.013323204141994397,
    0.023150982510153895,
    0.032747443913769304,
    0.042016703682664094,
    0.050866146437237525,
    0.05920735147072245,
    0.06695697621966024,
    0.07403758899524486,
    0.08037844265516209,
    0.08591618148564967,
    0.09059547423084627,
    0.09436956694441048,
    0.0972007501394976,
    0.09906073556948704,
    0.09993093887479178,
    0.09980266527163617,
    0.09867719642746134,
    0.09656577765492774,
    0.09348950555246831,
    0.08947911721405034,
    0.08457468311429334,
    0.07882520673753163,
    0.07228813495119761,
    0.06502878401571169,
    0.05711968696599872,
    0.048639868885379814,
    0.03967405731306121,
    0.03031183567457023,
    0.020646748193779662,
    0.01077536522994423,
    0.0007963183785935567,
    0.009190685022768165,
    0.019085858137418938,
    0.028790331666506533,
    0.038207141718400915,
    0.04724219863984662,
    0.05580522712867794,
    0.06381066823479502,
    0.07117853423691231,
    0.07783520785342984,
    0.08371417780197468,
    0.08875670335815046,
    0.09291240127343697,
    0.09613974918795569,
    0.09840650050816435,
    0.09969000660415961,
    0.09997744310730111,
    0.09926593804706328,
    0.09756260054681576,
    0.0948844497918124,
    0.09125824497911846,
    0.08672021794855814,
    0.08131571116614865,
    0.07509872467716762,
    0.06813137655555,
    0.06048328224062841,
    0.052230858962673155,
    0.04345656220718935,
    0.034248061846961254,
    0.02469736617366209,
    0.01489990258141988,
    0.004953564087836742,
    0.005042268780681477,
    0.014987720966295234,
    0.024783420798295985,
    0.034331492881989875,
    0.043536536037289325,
    0.05230657651576995,
    0.06055398697196011,
    0.06819636200681356,
    0.07515734153521507,
    0.08136737375071054,
    0.08676441006416691,
    0.09129452507276277,
    0.09491245536478947,
    0.09758205177669764,
    0.09927664058359072,
    0.09997929001426693,
    0.09968297942787993,
    0.09839066946186162,
    0.09611527245021156,
    0.09287952340772404,
    0.08871575286923494,
    0.0836655638536056,
    0.07777941618010929,
    0.071116122290598,
    0.06374225961502389,
    0.055731505351765846,
    0.04716390030941962,
    0.038125049165494015,
    0.02870526513277251,
    0.018998667579543774,
    0.009102241619984434,
    0.0008851309290403876,
    0.010863659542407977,
    0.020733642060676225,
    0.030396460881104703,
    0.039755568312143615,
    0.04871745124605095,
    0.05719256551095639,
    0.06509623056662496,
    0.07234947560442449,
    0.07887982859754186,
    0.08462204041751707,
    0.08951873678196819,
