{
  "statistics": {
    "num_episodes": 10,
    "mean_reward": 38.90326829942343,
    "std_reward": 20.6033664103568,
    "min_reward": 2.14729682278937,
    "max_reward": 78.21391519746709,
    "median_reward": 40.077526073390224,
    "mean_length": 43.4,
    "std_length": 24.06324998831205,
    "min_length": 