,custom_model_a,custom_model_b,custom_model_c
base,0.7108320080652678,0.6875555927723149,0.6619073043680751
hard,0.6397488072587411,0.6188000334950835,0.5957165739312676
ood,0.5686656064522143,0.550044474217852,0.5295258434944601
stress,0.49758240564568745,0.4812889149406204,0.4633351130576525
