,custom_model_a,custom_model_b,custom_model_c
huge_loop,0.08282363847043202,0.0669080263295519,0.09293118040235208
loop_empty,0.04605203879151226,0.09397713130828846,0.1114253010628902
multi_track,0.051631634336921736,0.06227588548184883,0.10759582738213694
techtrack,0.050783277285587625,0.04605077214389113,0.0927148880452599
zigzag,0.07659769000916818,0.11086730385145985,0.08254130938493594
