,custom_model_a,custom_model_b,custom_model_c
huge_loop,1.0,0.8002550364429128,0.8462162704713512
loop_empty,0.877337101308113,0.8611906240367398,0.8016916468975046
multi_track,0.896830947937817,0.8914366563682689,0.7813506280286546
techtrack,0.9670361683164344,0.8317932705643409,0.7419786439277396
zigzag,0.9421287088934704,0.8877343207863847,0.7879140293113587
