,custom_model_a,custom_model_b,custom_model_c
base,0.8892627790619213,0.8682064050807319,0.8302297051169529
hard,0.7558733622026331,0.737975444318622,0.70569524934941
ood,0.666947084296441,0.6511548038105489,0.6226722788377147
stress,0.5335576674371527,0.5209238430484391,0.49813782307017174
