,custom_model_a,custom_model_b,custom_model_c
success_rate,0.8892627790619213,0.8682064050807319,0.8302297051169529
mean_reward,0.7108320080652678,0.6875555927723149,0.6619073043680751
lateral_deviation,0.06830898338997113,0.07303861298636849,0.07775610858017959
smoothness,0.06150345278945698,0.06517501081828952,0.06875176481674806
stability,0.887968457873726,0.8578099436907164,0.8339969146668801
