,elite_model_v3,advanced_model_v2,standard_model_v4,baseline_model_v1,experimental_v1
base,0.9286416229287304,0.8441187361680761,0.7994991223597908,0.8193895330281104,0.8794885156180503
hard,0.7893453794894209,0.7175009257428646,0.6795742540058222,0.6964811030738938,0.7475652382753427
ood,0.6964812171965478,0.633089052126057,0.5996243417698431,0.6145421497710828,0.6596163867135377
stress,0.5571849737572382,0.5064712417008457,0.4796994734158745,0.4916337198168662,0.5276931093708301
