,elite_model_v3,advanced_model_v2,standard_model_v4,baseline_model_v1,experimental_v1
huge_loop,0.8204710101238377,0.8847820921855257,0.7306304167701693,0.8883970425493604,0.9066877800534595
loop_empty,0.9524823797899173,0.8389596116351096,0.75361981408619,0.8567409204705335,0.8831022506473244
multi_track,0.9043557284733308,0.8236422803703326,0.8429480653334351,0.7129898957447387,0.9702306313991427
techtrack,0.8757866847166148,0.8164949184410049,0.8502743141771352,0.7585162332809341,0.784154991263633
zigzag,0.8901117525486298,0.8015832065079841,0.8623212780934724,0.8960220962150423,0.856644473664925
