,elite_model_v3,advanced_model_v2,standard_model_v4,baseline_model_v1,experimental_v1
huge_loop,0.066661118691618,0.0719821281479885,0.0905760317953474,0.12079093344149984,0.12671801508197222
loop_empty,0.05418342052135841,0.06787572319426105,0.10503305831802201,0.04759325362693587,0.09149112011954945
multi_track,0.06912623038597945,0.05916110419412088,0.05940755666206853,0.07709947578414131,0.08111456878346858
techtrack,0.06120268254935745,0.06592219467997738,0.10866681820478014,0.07411359481345983,0.07929210828274774
zigzag,0.09732586055578721,0.04798495488562255,0.07777913051973472,0.06838156141031498,0.09070815356250536
