,elite_model_v3,advanced_model_v2,standard_model_v4,baseline_model_v1,experimental_v1
base,0.731922442786848,0.7073958391369386,0.6805811381646106,0.6329135563349694,0.5973529791673344
hard,0.6587301985081633,0.6366562552232448,0.6125230243481495,0.5696222007014724,0.537617681250601
ood,0.5855379542294784,0.5659166713095509,0.5444649105316886,0.5063308450679755,0.47788238333386757
stress,0.5123457099507936,0.495177087395857,0.4764067967152274,0.4430394894344785,0.4181470854171341
