,analysis_model_1,analysis_model_2,analysis_model_3
base,0.7189516176436557,0.6818818558397705,0.6389492653144231
hard,0.6470564558792902,0.6136936702557935,0.5750543387829808
ood,0.5751612941149246,0.5455054846718164,0.5111594122515385
stress,0.503266132350559,0.47731729908783926,0.44726448572009614
