,analysis_model_1,analysis_model_2,analysis_model_3
huge_loop,0.07211281444494708,0.041350115778119846,0.05010484113559628
loop_empty,0.06689803705969712,0.07387639851019653,0.07561623854028347
multi_track,0.08655307019575531,0.05849322422301762,0.09542782571899226
techtrack,0.07150223798633522,0.05692607835765179,0.11025872077299217
zigzag,0.08352928778285905,0.08172244434235774,0.10302859204246775
