,analysis_model_1,analysis_model_2,analysis_model_3
success_rate,0.8992921353084065,0.881598788597499,0.7804187470120286
mean_reward,0.7189516176436557,0.6818818558397705,0.6389492653144231
lateral_deviation,0.06655077234134851,0.07538137880630189,0.08081564639774468
smoothness,0.06032054814432049,0.06513088560609948,0.07094480739279668
stability,0.8993030988662104,0.8486178687796434,0.796437728640002
