,analysis_model_1,analysis_model_2,analysis_model_3
base,0.8992921353084065,0.881598788597499,0.7804187470120286
hard,0.7643983150121455,0.7493589703078741,0.6633559349602243
ood,0.6744691014813049,0.6611990914481243,0.5853140602590214
stress,0.5395752811850438,0.5289592731584993,0.46825124820721714
