,analysis_model_1,analysis_model_2,analysis_model_3
huge_loop,0.8852918796657493,0.864354062749548,0.8190802544384639
loop_empty,0.9298075740341354,0.897506562922829,0.7515287507516845
multi_track,0.8725224950032433,0.9512393855184258,0.809272303102432
techtrack,0.8321374026610442,0.8150979502275724,0.7864873301148118
zigzag,0.8598013819545283,0.7772605657042396,0.8067340898034938
