{
  "timestamp": "20250816_012316",
  "loop": 10,
  "loop_time_minutes": 0.0038538495699564617,
  "total_time_hours": 0.0005911564164691501,
  "best_global_score": 62.251453220825695,
  "plateau_counter": 2,
  "population_size": 12,
  "alive_trials": 12,
  "hall_of_fame": [
    [
      62.251453220825695,
      "trial_002"
    ],
    [
      61.15664306471412,
      "trial_005"
    ],
    [
      60.17855390982682,
      "trial_000"
    ],
    [
      60.09034960410897,
      "trial_011"
    ],
    [
      58.91002964543877,
      "trial_010"
    ]
  ],
  "pareto_front_size": 15
}