{
  "timestamp": "20250816_012323",
  "loop": 41,
  "loop_time_minutes": 0.0033283511797587077,
  "total_time_hours": 0.0023768344190385608,
  "best_global_score": 64.54378933580169,
  "plateau_counter": 1,
  "population_size": 12,
  "alive_trials": 12,
  "hall_of_fame": [
    [
      64.54378933580169,
      "trial_010"
    ],
    [
      62.251453220825695,
      "trial_002"
    ],
    [
      61.7234880744788,
      "trial_011"
    ],
    [
      61.55644880212833,
      "trial_011"
    ],
    [
      61.55263714535404,
      "trial_002"
    ]
  ],
  "pareto_front_size": 37
}