{
  "timestamp": "20250816_011530",
  "loop": 3,
  "loop_time_minutes": 0.0012094457944234213,
  "total_time_hours": 8.810632758670383e-05,
  "best_global_score": 60.993227760082746,
  "plateau_counter": 2,
  "population_size": 4,
  "alive_trials": 4,
  "hall_of_fame": [
    [
      60.993227760082746,
      "trial_003"
    ],
    [
      57.432528024983455,
      "trial_001"
    ],
    [
      55.45321282331182,
      "trial_002"
    ],
    [
      54.34180530819067,
      "trial_001"
    ],
    [
      53.05305137494962,
      "trial_003"
    ]
  ],
  "pareto_front_size": 6
}