{
  "timestamp": "20250816_011530",
  "loop": 2,
  "loop_time_minutes": 0.0012168486913045247,
  "total_time_hours": 6.749245855543349e-05,
  "best_global_score": 60.993227760082746,
  "plateau_counter": 1,
  "population_size": 4,
  "alive_trials": 4,
  "hall_of_fame": [
    [
      60.993227760082746,
      "trial_003"
    ],
    [
      55.45321282331182,
      "trial_002"
    ],
    [
      54.34180530819067,
      "trial_001"
    ],
    [
      53.05305137494962,
      "trial_003"
    ],
    [
      52.297961502158046,
      "trial_001"
    ]
  ],
  "pareto_front_size": 5
}