{
  "timestamp": "20250816_012320",
  "loop": 29,
  "loop_time_minutes": 0.0033566633860270183,
  "total_time_hours": 0.0016684191756778293,
  "best_global_score": 64.54378933580169,
  "plateau_counter": 1,
  "population_size": 12,
  "alive_trials": 12,
  "hall_of_fame": [
    [
      64.54378933580169,
      "trial_010"
    ],
    [
      62.251453220825695,
      "trial_002"
    ],
    [
      61.55644880212833,
      "trial_011"
    ],
    [
      61.55263714535404,
      "trial_002"
    ],
    [
      61.15664306471412,
      "trial_005"
    ]
  ],
  "pareto_front_size": 27
}