{
  "timestamp": "20250816_011530",
  "loop": 4,
  "loop_time_minutes": 0.0012232303619384766,
  "total_time_hours": 0.00010910133520762126,
  "best_global_score": 60.993227760082746,
  "plateau_counter": 0,
  "population_size": 4,
  "alive_trials": 4,
  "hall_of_fame": [
    [
      60.993227760082746,
      "trial_003"
    ],
    [
      60.08722588021102,
      "trial_002"
    ],
    [
      57.432528024983455,
      "trial_001"
    ],
    [
      55.45321282331182,
      "trial_002"
    ],
    [
      54.34180530819067,
      "trial_001"
    ]
  ],
  "pareto_front_size": 7
}