{
  "timestamp": "20250816_012324",
  "loop": 46,
  "loop_time_minutes": 0.0033133506774902345,
  "total_time_hours": 0.002658098604944017,
  "best_global_score": 64.54378933580169,
  "plateau_counter": 0,
  "population_size": 12,
  "alive_trials": 12,
  "hall_of_fame": [
    [
      64.54378933580169,
      "trial_010"
    ],
    [
      62.480969697469504,
      "trial_011"
    ],
    [
      62.251453220825695,
      "trial_002"
    ],
    [
      61.7234880744788,
      "trial_011"
    ],
    [
      61.55644880212833,
      "trial_011"
    ]
  ],
  "pareto_front_size": 38
}