{
  "timestamp": "20250816_012315",
  "loop": 6,
  "loop_time_minutes": 0.0033173680305480955,
  "total_time_hours": 0.0003561352358924018,
  "best_global_score": 62.251453220825695,
  "plateau_counter": 1,
  "population_size": 12,
  "alive_trials": 12,
  "hall_of_fame": [
    [
      62.251453220825695,
      "trial_002"
    ],
    [
      60.17855390982682,
      "trial_000"
    ],
    [
      58.91002964543877,
      "trial_010"
    ],
    [
      57.140769141958586,
      "trial_001"
    ],
    [
      57.02207408478656,
      "trial_009"
    ]
  ],
  "pareto_front_size": 9
}