{
  "timestamp": "20250816_012319",
  "loop": 23,
  "loop_time_minutes": 0.0033832828203837076,
  "total_time_hours": 0.0013319108221266005,
  "best_global_score": 62.251453220825695,
  "plateau_counter": 0,
  "population_size": 12,
  "alive_trials": 12,
  "hall_of_fame": [
    [
      62.251453220825695,
      "trial_002"
    ],
    [
      61.15664306471412,
      "trial_005"
    ],
    [
      60.831037640349585,
      "trial_009"
    ],
    [
      60.4432740362652,
      "trial_008"
    ],
    [
      60.17855390982682,
      "trial_000"
    ]
  ],
  "pareto_front_size": 26
}