{
  "timestamp": "20250816_012317",
  "loop": 14,
  "loop_time_minutes": 0.0033272186915079753,
  "total_time_hours": 0.0008152014017105102,
  "best_global_score": 62.251453220825695,
  "plateau_counter": 0,
  "population_size": 12,
  "alive_trials": 12,
  "hall_of_fame": [
    [
      62.251453220825695,
      "trial_002"
    ],
    [
      61.15664306471412,
      "trial_005"
    ],
    [
      60.17855390982682,
      "trial_000"
    ],
    [
      60.09034960410897,
      "trial_011"
    ],
    [
      59.29847942409589,
      "trial_002"
    ]
  ],
  "pareto_front_size": 17
}