{
  "timestamp": "20250816_011530",
  "training_type": "master_rl_orchestrator",
  "status": "\ud83c\udfc1 ADVANCED LEVEL",
  "best_global_score": 60.993227760082746,
  "loops_completed": 5,
  "total_training_hours": 0.0001305818557739258,
  "global_pass_achieved": false,
  "hall_of_fame": [
    [
      60.993227760082746,
      "trial_003",
      {
        "trial_id": "trial_003",
        "hyperparams": {
          "lr": 5.622956289785491e-05,
          "gamma": 0.9915242662959239,
          "gae_lambda": 0.9661882342228698,
          "clip": 0.17349885068321244,
          "entropy_coef": 0.023318165868931894,
          "value_coef": 0.5,
          "grad_clip": 1.0,
          "batch_size": 65536,
          "minibatches": 8,
          "epochs": 4
        },
        "reward_weights": {
          "centerline": 0.5494410151538764,
          "heading": 0.313328599745293,
          "jerk": 0.016305810546491536,
          "steering_change": 0.023711881314829885
        },
        "current_score": 60.993227760082746,
        "episodes_trained": 0,
        "stage": "Foundation",
        "alive": true
      }
    ],
    [
      60.130003476002365,
      "trial_002",
      {
        "trial_id": "trial_002",
        "hyperparams": {
          "lr": 0.00018537387832312112,
          "gamma": 0.9924586258707351,
          "gae_lambda": 0.937905717016371,
          "clip": 0.1502895733005066,
          "entropy_coef": 0.029898668918130936,
          "value_coef": 0.5,
          "grad_clip": 1.0,
          "batch_size": 65536,
          "minibatches": 8,
          "epochs": 4
        },
        "reward_weights": {
          "centerline": 0.509203180765752,
          "heading": 0.26527568520789835,
          "jerk": 0.023302008159098112,
          "steering_change": 0.020678409372892
        },
        "current_score": 60.130003476002365,
        "episodes_trained": 0,
        "stage": "Foundation",
        "alive": true
      }
    ],
    [
      60.08722588021102,
      "trial_002",
      {
        "trial_id": "trial_002",
        "hyperparams": {
          "lr": 0.00018537387832312112,
          "gamma": 0.9924586258707351,
          "gae_lambda": 0.937905717016371,
          "clip": 0.1502895733005066,
          "entropy_coef": 0.019932445945420624,
          "value_coef": 0.5,
          "grad_clip": 1.0,
          "batch_size": 65536,
          "minibatches": 8,
          "epochs": 4
        },
        "reward_weights": {
          "centerline": 0.509203180765752,
          "heading": 0.26527568520789835,
          "jerk": 0.023302008159098112,
          "steering_change": 0.020678409372892
        },
        "current_score": 60.08722588021102,
        "episodes_trained": 0,
        "stage": "Foundation",
        "alive": true
      }
    ],
    [
      57.432528024983455,
      "trial_001",
      {
        "trial_id": "trial_001",
        "hyperparams": {
          "lr": 0.0004866520946267319,
          "gamma": 0.9912231837322242,
          "gae_lambda": 0.9289556812432532,
          "clip": 0.12070958245787222,
          "entropy_coef": 0.02677727092816537,
          "value_coef": 0.5,
          "grad_clip": 1.0,
          "batch_size": 65536,
          "minibatches": 8,
          "epochs": 4
        },
        "reward_weights": {
          "centerline": 0.5807513871671388,
          "heading": 0.2601434677539842,
          "jerk": 0.017737166800731965,
          "steering_change": 0.019444265297904006
        },
        "current_score": 57.432528024983455,
        "episodes_trained": 0,
        "stage": "Foundation",
        "alive": true
      }
    ],
    [
      55.45321282331182,
      "trial_002",
      {
        "trial_id": "trial_002",
        "hyperparams": {
          "lr": 0.00018537387832312112,
          "gamma": 0.9924586258707351,
          "gae_lambda": 0.937905717016371,
          "clip": 0.1502895733005066,
          "entropy_coef": 0.019932445945420624,
          "value_coef": 0.5,
          "grad_clip": 1.0,
          "batch_size": 65536,
          "minibatches": 8,
          "epochs": 4
        },
        "reward_weights": {
          "centerline": 0.509203180765752,
          "heading": 0.26527568520789835,
          "jerk": 0.023302008159098112,
          "steering_change": 0.020678409372892
        },
        "current_score": 55.45321282331182,
        "episodes_trained": 0,
        "stage": "Foundation",
        "alive": true
      }
    ],
    [
      55.449200612079416,
      "trial_003",
      {
        "trial_id": "trial_003",
        "hyperparams": {
          "lr": 0.0005053350072304105,
          "gamma": 1.0050779789784292,
          "gae_lambda": 0.9333270556285417,
          "clip": 0.11894505874486537,
          "entropy_coef": 0.04399613005835261,
          "value_coef": 0.47835127132680066,
          "grad_clip": 0.9829953690506948,
          "batch_size": 65536,
          "minibatches": 8,
          "epochs": 4
        },
        "reward_weights": {
          "centerline": 0.5058599927530678,
          "heading": 0.24669596636121477,
          "jerk": 0.019560814680123675,
          "steering_change": 0.02036452944425995
        },
        "current_score": 55.449200612079416,
        "episodes_trained": 0,
        "stage": "Foundation",
        "alive": true
      }
    ],
    [
      54.34180530819067,
      "trial_001",
      {
        "trial_id": "trial_001",
        "hyperparams": {
          "lr": 0.0004866520946267319,
          "gamma": 0.9912231837322242,
          "gae_lambda": 0.9289556812432532,
          "clip": 0.12070958245787222,
          "entropy_coef": 0.02677727092816537,
          "value_coef": 0.5,
          "grad_clip": 1.0,
          "batch_size": 65536,
          "minibatches": 8,
          "epochs": 4
        },
        "reward_weights": {
          "centerline": 0.5807513871671388,
          "heading": 0.2601434677539842,
          "jerk": 0.017737166800731965,
          "steering_change": 0.019444265297904006
        },
        "current_score": 54.34180530819067,
        "episodes_trained": 0,
        "stage": "Foundation",
        "alive": true
      }
    ],
    [
      53.05305137494962,
      "trial_003",
      {
        "trial_id": "trial_003",
        "hyperparams": {
          "lr": 5.622956289785491e-05,
          "gamma": 0.9915242662959239,
          "gae_lambda": 0.9661882342228698,
          "clip": 0.17349885068321244,
          "entropy_coef": 0.023318165868931894,
          "value_coef": 0.5,
          "grad_clip": 1.0,
          "batch_size": 65536,
          "minibatches": 8,
          "epochs": 4
        },
        "reward_weights": {
          "centerline": 0.5494410151538764,
          "heading": 0.313328599745293,
          "jerk": 0.016305810546491536,
          "steering_change": 0.023711881314829885
        },
        "current_score": 53.05305137494962,
        "episodes_trained": 0,
        "stage": "Foundation",
        "alive": true
      }
    ],
    [
      52.297961502158046,
      "trial_001",
      {
        "trial_id": "trial_001",
        "hyperparams": {
          "lr": 0.0004866520946267319,
          "gamma": 0.9912231837322242,
          "gae_lambda": 0.9289556812432532,
          "clip": 0.12070958245787222,
          "entropy_coef": 0.02677727092816537,
          "value_coef": 0.5,
          "grad_clip": 1.0,
          "batch_size": 65536,
          "minibatches": 8,
          "epochs": 4
        },
        "reward_weights": {
          "centerline": 0.5807513871671388,
          "heading": 0.2601434677539842,
          "jerk": 0.017737166800731965,
          "steering_change": 0.019444265297904006
        },
        "current_score": 52.297961502158046,
        "episodes_trained": 0,
        "stage": "Foundation",
        "alive": true
      }
    ],
    [
      52.18300468716404,
      "trial_000",
      {
        "trial_id": "trial_000",
        "hyperparams": {
          "lr": 0.00010895879216504474,
          "gamma": 1.0214650011616242,