{
  "timestamp": "20250816_011554",
  "current_loop": 14,
  "best_global_score": 62.55185313451464,
  "plateau_counter": 0,
  "population": [
    {
      "trial_id": "trial_000",
      "hyperparams": {
        "lr": 0.0001670235306961311,
        "gamma": 1.035795604183803,
        "gae_lambda": 0.9536661044733746,
        "clip": 0.24407000930604864,
        "entropy_coef": 0.1,
        "value_coef": 0.4769693349457824,
        "grad_clip": 0.9343580635387578,
        "batch_size": 65536,
        "minibatches": 8,
        "epochs": 4
      },
      "reward_weights": {
        "centerline": 0.6429614388817696,
        "heading": 0.25115230683565515,
        "jerk": 0.019232622174746968,
        "steering_change": 0.033627065525262324
      },
      "current_score": 54.39544542772787,
      "episodes_trained": 0,
      "stage": "Foundation",
      "alive": true
    },
    {
      "trial_id": "trial_001",
      "hyperparams": {
        "lr": 0.0007344374594776163,
        "gamma": 0.9732634314176085,
        "gae_lambda": 1.0101459814470288,
        "clip": 0.24591875708384053,
        "entropy_coef": 0.03149201416390421,
        "value_coef": 0.5142361884324367,
        "grad_clip": 1.033636736651957,
        "batch_size": 65536,
        "minibatches": 8,
        "epochs": 4
      },
      "reward_weights": {
        "centerline": 0.7039214974459755,
        "heading": 0.23731574163595107,
        "jerk": 0.021684299668982256,
        "steering_change": 0.023669816705383477
      },
      "current_score": 53.72049535436646,
      "episodes_trained": 0,
      "stage": "Foundation",
      "alive": true
    },
    {
      "trial_id": "trial_002",
      "hyperparams": {
        "lr": 0.0008959131522344938,
        "gamma": 0.9909807952905785,
        "gae_lambda": 0.989770541468132,
        "clip": 0.2683479466404919,
        "entropy_coef": 0.02987588346499112,
        "value_coef": 0.5193955884024353,
        "grad_clip": 1.0066744669946102,
        "batch_size": 65536,
        "minibatches": 8,
        "epochs": 4
      },
      "reward_weights": {
        "centerline": 0.7262171578910586,
        "heading": 0.2826820042082893,
        "jerk": 0.019031469538819474,
        "steering_change": 0.021004422407682456
      },
      "current_score": 47.71164583812763,
      "episodes_trained": 0,
      "stage": "Foundation",
      "alive": true
    },
    {
      "trial_id": "trial_003",
      "hyperparams": {
        "lr": 0.000552458215246216,
        "gamma": 1.0018055305411193,
        "gae_lambda": 0.9593676169638043,
        "clip": 0.2364658824214355,
        "entropy_coef": 0.03445313477488375,
        "value_coef": 0.48777890010684055,
        "grad_clip": 0.9200521133158527,
        "batch_size": 65536,
        "minibatches": 8,
        "epochs": 4
      },
      "reward_weights": {
        "centerline": 0.5749153983429102,
        "heading": 0.2330005177898715,
        "jerk": 0.021579147834459647,
        "steering_change": 0.03111593211378304
      },
      "current_score": 50.060056272330904,
      "episodes_trained": 0,
      "stage": "Foundation",
      "alive": true
    },
    {
      "trial_id": "trial_004",
      "hyperparams": {
        "lr": 0.000280501317947569,
        "gamma": 1.022246813807109,
        "gae_lambda": 0.9830343846367083,
        "clip": 0.25816630879303637,
        "entropy_coef": 0.05,
        "value_coef": 0.4585473276588589,
        "grad_clip": 0.9278329045138999,
        "batch_size": 65536,
        "minibatches": 8,
        "epochs": 4
      },
      "reward_weights": {
        "centerline": 0.7337117678727126,
        "heading": 0.24972156860504446,
        "jerk": 0.020183032549102368,
        "steering_change": 0.03407317449035005
      },
      "current_score": 0.0,
      "episodes_trained": 0,
      "stage": "Foundation",
      "alive": true
    },
    {
      "trial_id": "trial_005",
      "hyperparams": {
        "lr": 0.0003217830576215199,
        "gamma": 0.9909441914326581,
        "gae_lambda": 0.9833834245248785,
        "clip": 0.2580161845816316,
        "entropy_coef": 0.05,
        "value_coef": 0.4805055033751384,
        "grad_clip": 0.9343342517779326,
        "batch_size": 65536,
        "minibatches": 8,
        "epochs": 4
      },
      "reward_weights": {
        "centerline": 0.5894576940099483,
        "heading": 0.20434717799091073,
        "jerk": 0.019625095916280692,
        "steering_change": 0.03344853896256474
      },
      "current_score": 50.16705240454796,
      "episodes_trained": 0,
      "stage": "Foundation",
      "alive": true
    }
  ],
  "hall_of_fame": [
    [
      62.55185313451464,
      {
        "trial_id": "trial_005",
        "hyperparams": {
          "lr": 0.0009946711683563353,
          "gamma": 0.9915021002414641,
          "gae_lambda": 0.944757234734186,
          "clip": 0.19104276145382848,
          "entropy_coef": 0.010038471386924912,
          "value_coef": 0.5,
          "grad_clip": 1.0,
          "batch_size": 65536,
          "minibatches": 8,
          "epochs": 4
        },
        "reward_weights": {
          "centerline": 0.6072497295854653,
          "heading": 0.3033794397105318,
          "jerk": 0.020517701043931007,
          "steering_change": 0.019275859984277995
        },
        "current_score": 62.55185313451464,
        "episodes_trained": 0,
        "stage": "Foundation",
        "alive": true
      }
    ],
    [
      59.957217601352724,
      {
        "trial_id": "trial_001",
        "hyperparams": {
          "lr": 0.0007591449717898348,
          "gamma": 0.9934032692586389,
          "gae_lambda": 0.9690326866124691,
          "clip": 0.24795981636424994,
          "entropy_coef": 0.005600160440940593,
          "value_coef": 0.5,
          "grad_clip": 1.0,
          "batch_size": 65536,
          "minibatches": 8,
          "epochs": 4
        },
        "reward_weights": {
          "centerline": 0.6760335491262665,
          "heading": 0.27401043767981564,
          "jerk": 0.017874503362140744,
          "steering_change": 0.018374067443187283
        },
        "current_score": 59.957217601352724,
        "episodes_trained": 0,
        "stage": "Foundation",
        "alive": true
      }
    ],
    [
      58.92060505664777,
      {
        "trial_id": "trial_002",
        "hyperparams": {
          "lr": 0.0007306099398977169,
          "gamma": 0.9983723995356125,
          "gae_lambda": 0.9374794473393834,
          "clip": 0.27288859706500634,
          "entropy_coef": 0.006799403469688652,
          "value_coef": 0.5,
          "grad_clip": 1.0,
          "batch_size": 65536,
          "minibatches": 8,
          "epochs": 4
        },
        "reward_weights": {
          "centerline": 0.6564397431078147,
          "heading": 0.2558867571327035,
          "jerk": 0.01798104601393465,
          "steering_change": 0.023585782088853702
        },
        "current_score": 58.92060505664777,
        "episodes_trained": 0,
        "stage": "Foundation",
        "alive": true
      }
    ],
    [
      58.35404444559242,
      {
        "trial_id": "trial_004",
        "hyperparams": {
          "lr": 0.001,
          "gamma": 0.9595266514917923,
          "gae_lambda": 0.9529597141444738,
          "clip": 0.19913933703830305,
          "entropy_coef": 0.009941863958516792,
          "value_coef": 0.5114858205516543,
          "grad_clip": 0.9899640385307196,
          "batch_size": 65536,
          "minibatches": 8,
          "epochs": 4
        },
        "reward_weights": {
          "centerline": 0.5883940009045523,
          "heading": 0.2955153299983163,
          "jerk": 0.022575573236590395,
          "steering_change": 0.021110863789666867
        },
        "current_score": 58.35404444559242,
        "episodes_trained": 0,
        "stage": "Foundation",
        "alive": true
      }
    ],
    [
      57.54587122369294,
      {
        "trial_id": "trial_001",