{
  "timestamp": "20250816_011553",
  "current_loop": 6,
  "best_global_score": 62.55185313451464,
  "plateau_counter": 1,
  "population": [
    {
      "trial_id": "trial_000",
      "hyperparams": {
        "lr": 0.000613302536701288,
        "gamma": 0.9639932990482104,
        "gae_lambda": 0.9825213048634771,
        "clip": 0.25176438982337646,
        "entropy_coef": 0.01004923745897685,
        "value_coef": 0.4937408204138794,
        "grad_clip": 0.9573728182689974,
        "batch_size": 65536,
        "minibatches": 8,
        "epochs": 4
      },
      "reward_weights": {
        "centerline": 0.6218013669542531,
        "heading": 0.2870090554699683,
        "jerk": 0.021090610716293777,
        "steering_change": 0.02776777269942932
      },
      "current_score": 0.0,
      "episodes_trained": 0,
      "stage": "Foundation",
      "alive": true
    },
    {
      "trial_id": "trial_001",
      "hyperparams": {
        "lr": 0.0007591449717898348,
        "gamma": 0.9934032692586389,
        "gae_lambda": 0.9690326866124691,
        "clip": 0.24795981636424994,
        "entropy_coef": 0.00840024066141089,
        "value_coef": 0.5,
        "grad_clip": 1.0,
        "batch_size": 65536,
        "minibatches": 8,
        "epochs": 4
      },
      "reward_weights": {
        "centerline": 0.6760335491262665,
        "heading": 0.27401043767981564,
        "jerk": 0.017874503362140744,
        "steering_change": 0.018374067443187283
      },
      "current_score": 50.53690373699796,
      "episodes_trained": 0,
      "stage": "Foundation",
      "alive": true
    },
    {
      "trial_id": "trial_002",
      "hyperparams": {
        "lr": 0.0007306099398977169,
        "gamma": 0.9983723995356125,
        "gae_lambda": 0.9374794473393834,
        "clip": 0.27288859706500634,
        "entropy_coef": 0.010199105204532979,
        "value_coef": 0.5,
        "grad_clip": 1.0,
        "batch_size": 65536,
        "minibatches": 8,
        "epochs": 4
      },
      "reward_weights": {
        "centerline": 0.6564397431078147,
        "heading": 0.2558867571327035,
        "jerk": 0.01798104601393465,
        "steering_change": 0.023585782088853702
      },
      "current_score": 55.441834126010484,
      "episodes_trained": 0,
      "stage": "Foundation",
      "alive": true
    },
    {
      "trial_id": "trial_003",
      "hyperparams": {
        "lr": 0.00016611779345279898,
        "gamma": 0.9949726517733944,
        "gae_lambda": 0.9016536373695992,
        "clip": 0.2916983433272268,
        "entropy_coef": 0.004128955126475186,
        "value_coef": 0.5,
        "grad_clip": 1.0,
        "batch_size": 65536,
        "minibatches": 8,
        "epochs": 4
      },
      "reward_weights": {
        "centerline": 0.6465911336004717,
        "heading": 0.2774226743065111,
        "jerk": 0.02031641575926507,
        "steering_change": 0.01887993471866139
      },
      "current_score": 47.76725306924104,
      "episodes_trained": 0,
      "stage": "Foundation",
      "alive": true
    },
    {
      "trial_id": "trial_004",
      "hyperparams": {
        "lr": 0.001,
        "gamma": 0.9595266514917923,
        "gae_lambda": 0.9529597141444738,
        "clip": 0.19913933703830305,
        "entropy_coef": 0.014912795937775189,
        "value_coef": 0.5114858205516543,
        "grad_clip": 0.9899640385307196,
        "batch_size": 65536,
        "minibatches": 8,
        "epochs": 4
      },
      "reward_weights": {
        "centerline": 0.5883940009045523,
        "heading": 0.2955153299983163,
        "jerk": 0.022575573236590395,
        "steering_change": 0.021110863789666867
      },
      "current_score": 47.61380381225244,
      "episodes_trained": 0,
      "stage": "Foundation",
      "alive": true
    },
    {
      "trial_id": "trial_005",
      "hyperparams": {
        "lr": 0.0009453267917084108,
        "gamma": 0.9342452987688834,
        "gae_lambda": 0.9421549937992316,
        "clip": 0.19767540345439555,
        "entropy_coef": 0.014002139715107153,
        "value_coef": 0.5295901385641634,
        "grad_clip": 1.0284670902935396,
        "batch_size": 65536,
        "minibatches": 8,
        "epochs": 4
      },
      "reward_weights": {
        "centerline": 0.6144875109167862,
        "heading": 0.2409420815858665,
        "jerk": 0.021142663329602733,
        "steering_change": 0.018142952443191453
      },
      "current_score": 50.15398939235197,
      "episodes_trained": 0,
      "stage": "Foundation",
      "alive": true
    }
  ],
  "hall_of_fame": [
    [
      62.55185313451464,
      {
        "trial_id": "trial_005",
        "hyperparams": {
          "lr": 0.0009946711683563353,
          "gamma": 0.9915021002414641,
          "gae_lambda": 0.944757234734186,
          "clip": 0.19104276145382848,
          "entropy_coef": 0.010038471386924912,
          "value_coef": 0.5,
          "grad_clip": 1.0,
          "batch_size": 65536,
          "minibatches": 8,
          "epochs": 4
        },
        "reward_weights": {
          "centerline": 0.6072497295854653,
          "heading": 0.3033794397105318,
          "jerk": 0.020517701043931007,
          "steering_change": 0.019275859984277995
        },
        "current_score": 62.55185313451464,
        "episodes_trained": 0,
        "stage": "Foundation",
        "alive": true
      }
    ],
    [
      59.957217601352724,
      {
        "trial_id": "trial_001",
        "hyperparams": {
          "lr": 0.0007591449717898348,
          "gamma": 0.9934032692586389,
          "gae_lambda": 0.9690326866124691,
          "clip": 0.24795981636424994,
          "entropy_coef": 0.005600160440940593,
          "value_coef": 0.5,
          "grad_clip": 1.0,
          "batch_size": 65536,
          "minibatches": 8,
          "epochs": 4
        },
        "reward_weights": {
          "centerline": 0.6760335491262665,
          "heading": 0.27401043767981564,
          "jerk": 0.017874503362140744,
          "steering_change": 0.018374067443187283
        },
        "current_score": 59.957217601352724,
        "episodes_trained": 0,
        "stage": "Foundation",
        "alive": true
      }
    ],
    [
      58.92060505664777,
      {
        "trial_id": "trial_002",
        "hyperparams": {
          "lr": 0.0007306099398977169,
          "gamma": 0.9983723995356125,
          "gae_lambda": 0.9374794473393834,
          "clip": 0.27288859706500634,
          "entropy_coef": 0.006799403469688652,
          "value_coef": 0.5,
          "grad_clip": 1.0,
          "batch_size": 65536,
          "minibatches": 8,
          "epochs": 4
        },
        "reward_weights": {
          "centerline": 0.6564397431078147,
          "heading": 0.2558867571327035,
          "jerk": 0.01798104601393465,
          "steering_change": 0.023585782088853702
        },
        "current_score": 58.92060505664777,
        "episodes_trained": 0,
        "stage": "Foundation",
        "alive": true
      }
    ],
    [
      58.35404444559242,
      {
        "trial_id": "trial_004",
        "hyperparams": {
          "lr": 0.001,
          "gamma": 0.9595266514917923,
          "gae_lambda": 0.9529597141444738,
          "clip": 0.19913933703830305,
          "entropy_coef": 0.009941863958516792,
          "value_coef": 0.5114858205516543,
          "grad_clip": 0.9899640385307196,
          "batch_size": 65536,
          "minibatches": 8,
          "epochs": 4
        },
        "reward_weights": {
          "centerline": 0.5883940009045523,
          "heading": 0.2955153299983163,
          "jerk": 0.022575573236590395,
          "steering_change": 0.021110863789666867
        },
        "current_score": 58.35404444559242,
        "episodes_trained": 0,
        "stage": "Foundation",
        "alive": true
      }
    ],
    [
      57.54587122369294,
      {
        "trial_id": "trial_001",
        "hyperparams": {
          "lr": 0.0007591449717898348,