{
  "timestamp": "20250816_004807",
  "stage_index": 0,
  "stage_name": "Continuous_Session_3",
  "champion_score": 43.54530342912865,
  "episodes_completed": 2000,
  "best_reward": 434.75289456433836,
  "physical_world_ready": false
}