{
  "timestamp": "20250816_004612",
  "stage_index": 0,
  "stage_name": "Continuous_Session_2",
  "champion_score": 54.517908355571606,
  "episodes_completed": 2000,
  "best_reward": 442.56482352676124,
  "physical_world_ready": false
}