{
  "timestamp": "20250816_005037",
  "stage_index": 0,
  "stage_name": "Continuous_Session_4",
  "champion_score": 55.220266688350264,
  "episodes_completed": 2000,
  "best_reward": 569.1624217721298,
  "physical_world_ready": false
}