{
  "timestamp": "20250816_004342",
  "stage_index": 0,
  "stage_name": "Continuous_Session_1",
  "champion_score": 51.704780693366516,
  "episodes_completed": 2000,
  "best_reward": 550.4827228032693,
  "physical_world_ready": false
}