{
  "timestamp": "20250816_005259",
  "stage_index": 0,
  "stage_name": "Continuous_Session_5",
  "champion_score": 52.588919706592264,
  "episodes_completed": 2000,
  "best_reward": 495.7471883495812,
  "physical_world_ready": false
}