{
  "timestamp": "20250816_011530",
  "rank": 1,
  "global_score": 60.993227760082746,
  "trial_id": "trial_003",
  "hyperparameters": {
    "lr": 5.622956289785491e-05,
    "gamma": 0.9915242662959239,
    "gae_lambda": 0.9661882342228698,
    "clip": 0.17349885068321244,
    "entropy_coef": 0.023318165868931894,
    "value_coef": 0.5,
    "grad_clip": 1.0,
    "batch_size": 65536,
    "minibatches": 8,
    "epochs": 4
  },
  "reward_weights": {
    "centerline": 0.5494410151538764,
    "heading": 0.313328599745293,
    "jerk": 0.016305810546491536,
    "steering_change": 0.023711881314829885
  },
  "episodes_trained": 0,
  "stage": "Foundation"
}