{
  "timestamp": "20250816_012324",
  "rank": 3,
  "global_score": 62.251453220825695,
  "trial_id": "trial_002",
  "hyperparameters": {
    "lr": 0.0009759780214440906,
    "gamma": 0.9933161499599226,
    "gae_lambda": 0.9642827657478958,
    "clip": 0.2570354237669122,
    "entropy_coef": 0.0035211745490538997,
    "value_coef": 0.5,
    "grad_clip": 1.0,
    "batch_size": 65536,
    "minibatches": 8,
    "epochs": 4
  },
  "reward_weights": {
    "centerline": 0.6777718013781712,
    "heading": 0.34128901183807114,
    "jerk": 0.016281361335068193,
    "steering_change": 0.020486766699709134
  },
  "episodes_trained": 0,
  "stage": "Foundation"
}